1,3617582,Investment Loan,4,39710,12379,3/15/2018
2,3912347,Investment Loan,8,45553,46861,2/7/2018
3,5406383,Investment Loan,7,37204,48364,10/24/2018
4,1244242,Investment Loan,12,12406,21149,3/28/2018
5,784708,Investment Loan,12,2293,50309,9/19/2018
6,5229660,Investment Loan,8,49915,16429,5/13/2018
7,4549227,Investment Loan,4,32292,30487,8/20/2018
8,2610169,Investment Loan,4,24543,44661,8/28/2018
9,4361631,Investment Loan,6,8671,37487,11/13/2018
10,1678141,Investment Loan,6,35759,17535,2/7/2018
11,3734709,Investment Loan,4,49523,45761,6/11/2018
12,1935876,Investment Loan,11,21656,19058,5/7/2018
13,1827611,Investment Loan,5,21494,35077,8/16/2018
14,2969983,Investment Loan,6,44053,46307,4/25/2018
15,1371701,Investment Loan,8,38901,14039,2/22/2018
16,5400030,Investment Loan,9,16873,44909,2/28/2018
17,2535516,Investment Loan,11,32034,31861,10/5/2018
18,1114977,Investment Loan,4,7841,23224,7/16/2018
19,3791931,Investment Loan,10,34596,1449,3/14/2018
20,2857159,Investment Loan,4,19505,25517,4/28/2018
21,2678032,Investment Loan,11,45762,7390,1/27/2018
22,4328986,Investment Loan,9,47856,23792,10/27/2018
23,2152837,Investment Loan,10,13717,39654,7/19/2018
24,1802780,Investment Loan,3,1129,9743,10/17/2018
25,2541298,Investment Loan,8,1282,16034,11/27/2018
26,3241755,Investment Loan,9,17767,13424,4/9/2018
27,976185,Investment Loan,4,2073,48546,10/24/2018
28,1128469,Investment Loan,4,27109,16927,11/28/2018
29,3086980,Investment Loan,11,24837,48388,8/5/2018
30,2787344,Investment Loan,7,13945,5293,1/21/2018
31,659238,Investment Loan,5,12744,26129,11/13/2018
32,4442881,Investment Loan,7,33349,29758,8/24/2018
33,3696595,Investment Loan,4,35163,50299,6/26/2018
34,1146334,Investment Loan,9,1537,20465,1/5/2018
35,1111877,Investment Loan,8,5799,18346,5/8/2018
36,5193738,Investment Loan,6,17166,16442,9/5/2018
37,4688694,Investment Loan,9,14235,29821,12/13/2018
38,2152933,Investment Loan,11,15202,28501,7/4/2018
39,5425660,Investment Loan,6,16818,42966,5/10/2018
40,2416822,Investment Loan,9,15813,42729,4/7/2018
41,968461,Investment Loan,5,39512,17269,10/2/2018
42,3733758,Investment Loan,6,10781,47573,6/13/2018
43,3880024,Investment Loan,6,34497,9215,4/8/2018
44,1924578,Investment Loan,8,36355,49824,7/25/2018
45,1430597,Investment Loan,9,41230,39839,10/6/2018
46,1131068,Investment Loan,3,17866,11616,1/6/2018
47,2416593,Investment Loan,10,1397,22113,6/22/2018
48,4695112,Investment Loan,4,47632,1140,5/11/2018
49,3427601,Investment Loan,9,3700,25719,11/2/2018
50,5272110,Investment Loan,5,2604,3158,9/7/2018
51,3217609,Investment Loan,6,37163,34989,11/7/2018
52,1056568,Investment Loan,11,43883,33680,8/1/2018
53,2538737,Investment Loan,11,41435,37967,8/28/2018
54,3450970,Investment Loan,7,49088,48840,4/13/2018
55,3210828,Investment Loan,7,4886,43026,2/24/2018
56,4901153,Investment Loan,10,24239,13839,2/10/2018
57,3690925,Investment Loan,8,1292,15783,8/18/2018
58,2501890,Investment Loan,3,6493,23324,7/28/2018
59,2424720,Investment Loan,4,27751,5714,9/25/2018
60,4288968,Investment Loan,8,29166,44510,11/2/2018
61,3365913,Investment Loan,10,10828,12658,5/7/2018
62,1804833,Investment Loan,12,7155,44039,12/5/2018
63,3363444,Investment Loan,5,15463,20516,10/28/2018
64,1550414,Investment Loan,4,22311,34397,4/25/2018
65,2968145,Investment Loan,11,47866,27496,1/16/2018
66,4546349,Investment Loan,11,39087,9682,3/17/2018
67,1497923,Investment Loan,9,40634,50940,10/6/2018
68,1060717,Investment Loan,10,34739,8299,7/6/2018
69,3366397,Investment Loan,12,39022,20319,11/9/2018
70,3995350,Investment Loan,9,19060,44166,11/21/2018
71,3222705,Investment Loan,3,25181,32597,11/25/2018
72,3299770,Investment Loan,7,27298,46205,1/9/2018
73,3885773,Investment Loan,9,40827,4593,12/22/2018
74,1097796,Investment Loan,10,15105,10608,12/17/2018
75,5425179,Investment Loan,6,34871,29289,12/13/2018
76,4494051,Investment Loan,8,40210,25128,2/19/2018
77,646012,Investment Loan,8,4780,11578,3/15/2018
78,544603,Investment Loan,10,14385,37950,1/6/2018
79,4827018,Investment Loan,3,10299,24084,11/11/2018
80,2130352,Investment Loan,12,33783,24115,9/26/2018
81,1766160,Investment Loan,11,43273,5592,7/17/2018
82,866040,Investment Loan,4,21764,30273,2/20/2018
83,2284335,Investment Loan,10,31666,24453,8/22/2018
84,907588,Investment Loan,11,23282,16039,8/26/2018
85,942487,Investment Loan,6,25986,2954,10/8/2018
86,1000115,Investment Loan,6,28362,22314,2/9/2018
87,3057894,Investment Loan,10,45731,16845,12/21/2018
88,5271964,Investment Loan,7,27420,30831,7/6/2018
89,2727721,Investment Loan,8,11280,18610,4/27/2018
90,3982558,Investment Loan,5,41144,9310,1/12/2018
91,1236790,Investment Loan,3,4750,14110,10/11/2018
92,2550286,Investment Loan,6,12778,47480,4/8/2018
93,4128555,Investment Loan,5,23386,27043,11/3/2018
94,2161732,Investment Loan,4,15023,31266,1/24/2018
95,3612110,Investment Loan,7,39947,19726,6/4/2018
96,4985162,Investment Loan,12,13610,2387,4/5/2018
97,3352841,Investment Loan,3,16604,42836,7/5/2018
98,4219178,Investment Loan,8,33434,28416,7/23/2018
99,5418440,Investment Loan,11,48942,22915,4/26/2018
100,3150875,Investment Loan,9,43411,47007,2/27/2018
101,4965370,Investment Loan,8,26465,8379,5/4/2018
102,3716367,Investment Loan,4,20398,14016,9/16/2018
103,4776233,Investment Loan,12,5413,29093,8/21/2018
104,3169124,Investment Loan,7,1304,6400,2/8/2018
105,1188030,Investment Loan,12,41513,41267,10/5/2018
106,3718318,Investment Loan,9,3579,5184,1/15/2018
107,3495901,Investment Loan,12,42230,33151,10/11/2018
108,4839526,Investment Loan,11,48916,34412,1/1/2018
109,2391458,Investment Loan,6,43665,37080,4/23/2018
110,1253049,Investment Loan,4,25001,23726,11/20/2018
111,1726782,Investment Loan,11,7220,19294,2/18/2018
112,1463927,Investment Loan,9,19069,18297,1/4/2018
113,4728185,Investment Loan,8,7825,21351,11/12/2018
114,4606495,Investment Loan,6,7947,32937,5/23/2018
115,1213708,Investment Loan,5,16554,23345,12/6/2018
116,2131019,Investment Loan,12,27827,13104,10/3/2018
117,2914722,Investment Loan,9,30663,18559,8/19/2018
118,3076421,Investment Loan,4,48301,6149,6/11/2018
119,1564660,Investment Loan,6,47757,21240,11/12/2018
120,2197422,Investment Loan,12,48225,8333,1/3/2018
121,3505799,Investment Loan,12,3024,18883,12/4/2018
122,3995343,Investment Loan,8,18200,18964,1/11/2018
123,3089484,Investment Loan,11,41629,5895,8/14/2018
124,5431494,Investment Loan,10,49658,21390,1/2/2018
125,3454683,Investment Loan,4,6270,10422,4/19/2018
126,4761879,Investment Loan,9,27900,8702,4/9/2018
127,4098004,Investment Loan,3,22819,1281,11/25/2018
128,4914196,Investment Loan,7,5516,11968,9/22/2018
129,5482586,Investment Loan,6,42881,40253,8/6/2018
130,5450995,Investment Loan,7,33283,41690,6/16/2018
131,1546613,Investment Loan,7,48003,50045,12/18/2018
132,3336371,Investment Loan,11,3663,6374,2/13/2018
133,3271308,Investment Loan,3,24194,45569,3/27/2018
134,3965169,Investment Loan,6,26163,27524,11/10/2018
135,2872964,Investment Loan,7,17097,11220,1/10/2018
136,2284310,Investment Loan,7,37493,28914,12/27/2018
137,1171585,Investment Loan,11,13649,39004,8/11/2018
138,4694237,Investment Loan,7,5114,1798,12/6/2018
139,2612159,Investment Loan,12,3742,42417,1/19/2018
140,2537804,Investment Loan,6,19913,20474,12/27/2018
141,3611604,Investment Loan,9,4637,2008,9/3/2018
142,622393,Investment Loan,12,8163,16511,4/24/2018
143,2692045,Investment Loan,8,43299,9713,6/13/2018
144,4132733,Investment Loan,5,14419,19029,2/19/2018
145,625259,Investment Loan,3,31995,29267,7/26/2018
146,1615746,Investment Loan,3,26142,7567,3/5/2018
147,1662337,Investment Loan,10,25347,12290,8/18/2018
148,3449197,Investment Loan,8,4801,39421,8/12/2018
149,1459059,Investment Loan,10,32395,3598,6/9/2018
150,4056688,Investment Loan,3,8779,7033,4/28/2018
151,1763222,Investment Loan,3,22084,40644,12/3/2018
152,4579959,Investment Loan,3,47822,49499,11/28/2018
153,3616103,Investment Loan,5,49705,34714,7/20/2018
154,2201844,Investment Loan,6,29566,41168,7/28/2018
155,4536050,Investment Loan,8,30053,12827,8/22/2018
156,3812625,Investment Loan,6,13453,10846,11/17/2018
157,1980937,Investment Loan,4,45241,8794,1/22/2018
158,3254906,Investment Loan,11,31226,30235,3/28/2018
159,1075749,Investment Loan,6,50784,38555,6/27/2018
160,2096653,Investment Loan,3,27678,35989,6/23/2018
161,730470,Investment Loan,11,10201,49141,10/9/2018
162,1360424,Investment Loan,4,2585,8115,3/22/2018
163,1371434,Investment Loan,6,20184,47419,9/7/2018
164,4949205,Investment Loan,8,12198,26064,6/6/2018
165,2185876,Investment Loan,3,13905,7762,5/16/2018
166,5343452,Investment Loan,6,1169,2576,7/25/2018
167,534884,Investment Loan,4,12490,41380,5/20/2018
168,3982637,Investment Loan,5,5865,18388,3/10/2018
169,1796790,Investment Loan,8,43940,3882,1/9/2018
170,4245937,Investment Loan,3,30463,9376,10/28/2018
171,1998817,Investment Loan,5,14894,36720,6/20/2018
172,1627380,Investment Loan,10,38770,14068,9/22/2018
173,4619189,Investment Loan,4,9151,32410,10/21/2018
174,5177209,Investment Loan,9,44142,29408,4/18/2018
175,2866200,Investment Loan,5,14358,21420,12/6/2018
176,1265826,Investment Loan,4,4904,14137,12/11/2018
177,594375,Investment Loan,10,6312,36094,2/7/2018
178,5455169,Investment Loan,8,49120,44658,4/16/2018
179,4313901,Investment Loan,11,8012,44790,3/20/2018
180,3722057,Investment Loan,11,27242,8524,10/2/2018
181,4310506,Investment Loan,5,35550,6024,3/18/2018
182,4616339,Investment Loan,3,34033,35046,2/26/2018
183,3759787,Investment Loan,6,4199,39360,6/28/2018
184,1495254,Investment Loan,6,33010,45112,10/2/2018
185,3587560,Investment Loan,9,9230,35176,2/22/2018
186,5147118,Investment Loan,4,16810,26273,5/15/2018
187,3075591,Investment Loan,11,47510,15292,6/23/2018
188,2224783,Investment Loan,11,43412,13209,10/3/2018
189,4386388,Investment Loan,5,36571,6833,9/20/2018
190,3015887,Investment Loan,9,40410,41738,12/1/2018
191,3137634,Investment Loan,10,40369,40430,11/2/2018
192,4492693,Investment Loan,4,23471,17200,4/1/2018
193,5307786,Investment Loan,12,3187,15771,3/16/2018
194,2651434,Investment Loan,9,38894,7720,3/15/2018
195,4097862,Investment Loan,9,37949,10654,8/6/2018
196,3774435,Investment Loan,11,43241,40253,11/19/2018
197,2238962,Investment Loan,5,34863,39820,2/5/2018
198,4186288,Investment Loan,6,47912,10390,5/23/2018
199,2011047,Investment Loan,12,38551,23924,10/28/2018
200,2409612,Investment Loan,10,26869,13348,2/26/2018
201,4517372,Investment Loan,3,46194,34559,10/9/2018
202,5393289,Investment Loan,3,35498,12671,3/17/2018
203,5348962,Investment Loan,5,32199,34410,1/21/2018
204,2526783,Investment Loan,11,6351,39401,2/24/2018
205,5339619,Investment Loan,3,29976,43614,2/3/2018
206,4470169,Investment Loan,5,46251,39043,6/2/2018
207,3749439,Investment Loan,8,37118,10526,11/3/2018
208,4823493,Investment Loan,10,12205,21029,2/18/2018
209,4839532,Investment Loan,10,9127,30407,5/11/2018
210,4957310,Investment Loan,4,19407,9377,11/26/2018
211,1054705,Investment Loan,8,32310,47551,7/11/2018
212,5052223,Investment Loan,3,28879,49887,9/7/2018
213,2428775,Investment Loan,9,6368,18603,8/2/2018
214,4105807,Investment Loan,5,29762,13084,9/19/2018
215,5420116,Investment Loan,9,1511,35212,2/6/2018
216,2001707,Investment Loan,4,30910,24708,10/19/2018
217,2828331,Investment Loan,5,45741,23963,9/16/2018
218,1762141,Investment Loan,3,7947,8951,9/21/2018
219,1479212,Investment Loan,6,30943,42104,10/14/2018
220,527519,Investment Loan,3,8831,35904,1/22/2018
221,2879837,Investment Loan,11,43763,12235,9/9/2018
222,2290228,Investment Loan,11,21084,3817,11/12/2018
223,1664107,Investment Loan,9,39527,44553,5/2/2018
224,776076,Investment Loan,11,41632,46227,11/2/2018
225,3519401,Investment Loan,6,35984,50911,7/10/2018
226,1589977,Investment Loan,4,41551,42602,6/18/2018
227,868842,Investment Loan,7,41540,3556,1/21/2018
228,718075,Investment Loan,10,46280,44494,9/17/2018
229,1259269,Investment Loan,5,13852,7681,11/5/2018
230,4566732,Investment Loan,10,24586,37684,2/27/2018
231,673005,Investment Loan,5,29074,16148,9/16/2018
232,4505681,Investment Loan,12,41609,41027,10/5/2018
233,4948019,Investment Loan,7,23643,6793,7/25/2018
234,4151750,Investment Loan,10,19866,49748,2/23/2018
235,2392739,Investment Loan,8,25993,30657,9/28/2018
236,987341,Investment Loan,4,48784,39609,7/19/2018
237,3459199,Investment Loan,8,44375,39908,10/23/2018
238,1724346,Investment Loan,9,43914,27415,3/16/2018
239,1022754,Investment Loan,11,43482,12025,12/26/2018
240,803462,Investment Loan,12,43394,32823,9/21/2018
241,3097083,Investment Loan,5,9465,1215,3/19/2018
242,2928855,Investment Loan,3,11115,44958,1/18/2018
243,1340269,Investment Loan,6,41585,25355,12/12/2018
244,5179249,Investment Loan,9,28207,9349,5/21/2018
245,3042377,Investment Loan,12,43712,14569,9/10/2018
246,4863235,Investment Loan,9,13004,41787,12/2/2018
247,2507632,Investment Loan,7,41683,16120,3/5/2018
248,1951640,Investment Loan,3,2802,14143,10/20/2018
249,5085136,Investment Loan,3,35575,24789,4/9/2018
250,606368,Investment Loan,11,29858,3842,7/4/2018
251,1666945,Investment Loan,5,38593,44065,11/13/2018
252,2326306,Investment Loan,6,29949,40050,9/4/2018
253,5008963,Investment Loan,10,41538,41798,4/9/2018
254,4947849,Investment Loan,7,15808,46170,5/18/2018
255,890463,Investment Loan,3,1090,47868,1/3/2018
256,3037777,Investment Loan,4,45968,12333,2/11/2018
257,3053537,Investment Loan,4,14143,35777,8/6/2018
258,2949652,Investment Loan,4,34447,39290,7/27/2018
259,3439990,Investment Loan,8,7691,45631,4/6/2018
260,3960381,Investment Loan,3,27298,48897,11/27/2018
261,4530286,Investment Loan,3,13208,19456,3/8/2018
262,4883920,Investment Loan,6,34949,3420,6/17/2018
263,3879256,Investment Loan,3,29352,10196,9/18/2018
264,1478364,Investment Loan,7,2965,8498,10/20/2018
265,5468285,Investment Loan,10,21358,11594,11/11/2018
266,1468551,Investment Loan,10,49392,22958,12/15/2018
267,2402499,Investment Loan,10,34019,38212,11/24/2018
268,1171581,Investment Loan,12,14692,23141,2/26/2018
269,1895208,Investment Loan,6,3485,6204,5/23/2018
270,1379132,Investment Loan,9,32874,22652,10/17/2018
271,4177440,Investment Loan,5,13035,19292,3/26/2018
272,4219911,Investment Loan,8,12518,21872,1/17/2018
273,4619156,Investment Loan,3,7134,44772,5/25/2018
274,4273581,Investment Loan,10,31862,26872,6/4/2018
275,3047296,Investment Loan,5,13340,36860,3/1/2018
276,1842876,Investment Loan,11,20651,38702,5/15/2018
277,4432817,Investment Loan,4,23567,38769,9/24/2018
278,3332688,Investment Loan,9,10112,1732,9/27/2018
279,627040,Investment Loan,3,30253,37332,3/5/2018
280,2477179,Investment Loan,11,11581,46777,10/10/2018
281,3126326,Investment Loan,9,47899,39573,5/6/2018
282,4144728,Investment Loan,9,38783,35635,4/9/2018
283,2808421,Investment Loan,7,31803,19238,5/2/2018
284,555256,Investment Loan,12,50575,24190,9/11/2018
285,758632,Investment Loan,3,47079,12067,4/5/2018
286,5206383,Investment Loan,3,5205,32155,6/9/2018
287,2197279,Investment Loan,3,25249,42647,11/14/2018
288,1556740,Investment Loan,3,44096,4030,6/5/2018
289,4528018,Investment Loan,5,1073,29714,8/14/2018
290,1762876,Investment Loan,7,47100,8502,3/18/2018
291,4594377,Investment Loan,5,19138,23326,8/20/2018
292,5430986,Investment Loan,10,4696,4120,9/24/2018
293,4398925,Investment Loan,3,34354,33800,7/18/2018
294,1027742,Investment Loan,10,20873,14685,1/9/2018
295,4612485,Investment Loan,8,13788,35876,7/5/2018
296,2079887,Investment Loan,3,1144,32960,7/28/2018
297,2181048,Investment Loan,10,32283,14273,7/5/2018
298,4644269,Investment Loan,7,11963,18253,4/18/2018
299,4438051,Investment Loan,9,4165,31795,10/1/2018
300,864176,Investment Loan,8,26044,32939,12/8/2018
301,653247,Investment Loan,9,8138,32247,4/6/2018
302,1056127,Investment Loan,4,32796,13507,12/7/2018
303,3015514,Investment Loan,12,11040,8408,8/15/2018
304,1051494,Investment Loan,3,31210,43121,9/24/2018
305,4929878,Investment Loan,5,44693,24071,11/19/2018
306,986207,Investment Loan,12,10061,24399,9/28/2018
307,2647499,Investment Loan,5,41560,22113,12/7/2018
308,1402755,Investment Loan,12,11763,7130,10/20/2018
309,2655102,Investment Loan,7,46204,17843,5/18/2018
310,3118678,Investment Loan,4,43869,43829,9/18/2018
311,1620612,Investment Loan,8,23490,13472,3/7/2018
312,3092340,Investment Loan,5,25536,28274,8/15/2018
313,2910334,Investment Loan,3,10730,9307,11/13/2018
314,2215652,Investment Loan,6,4433,27480,8/1/2018
315,1359865,Investment Loan,12,28686,43735,2/15/2018
316,2054656,Investment Loan,3,34453,26102,3/10/2018
317,1716329,Investment Loan,12,5843,2770,2/15/2018
318,4388806,Investment Loan,5,42844,5918,5/23/2018
319,5304459,Investment Loan,9,6597,6138,6/5/2018
320,1408839,Investment Loan,9,41808,37206,2/7/2018
321,3038237,Investment Loan,11,9174,16080,7/6/2018
322,5492017,Investment Loan,7,26407,39344,1/7/2018
323,3108099,Investment Loan,3,6922,40433,5/27/2018
324,1704002,Investment Loan,5,16937,30017,1/10/2018
325,1558849,Investment Loan,5,42250,7435,7/15/2018
326,1708756,Investment Loan,8,25799,6071,10/23/2018
327,5053143,Investment Loan,12,4268,34388,7/8/2018
328,2755720,Investment Loan,8,31218,41997,9/8/2018
329,3676484,Investment Loan,3,7827,1710,2/26/2018
330,625304,Investment Loan,9,49053,42577,8/11/2018
331,2175395,Investment Loan,12,26353,47982,3/12/2018
332,3357573,Investment Loan,10,33559,16413,4/11/2018
333,3104547,Investment Loan,5,21006,45155,11/12/2018
334,2781474,Investment Loan,6,15776,17466,9/20/2018
335,1086447,Investment Loan,12,29115,9483,6/21/2018
336,4413123,Investment Loan,11,21150,44856,6/28/2018
337,4485219,Investment Loan,11,22095,1129,4/15/2018
338,1402702,Investment Loan,6,21379,46628,3/10/2018
339,2252334,Investment Loan,12,5349,22058,7/3/2018
340,1943524,Investment Loan,10,34854,48025,8/18/2018
341,5194577,Investment Loan,4,36024,24959,5/7/2018
342,2297140,Investment Loan,8,25172,32400,3/11/2018
343,4351739,Investment Loan,4,9605,23948,10/5/2018
344,1437093,Investment Loan,10,44922,38667,6/17/2018
345,4625031,Investment Loan,3,31508,46775,8/3/2018
346,5082597,Investment Loan,7,17849,5602,11/27/2018
347,5488348,Investment Loan,8,10458,24356,7/2/2018
348,4411867,Investment Loan,6,13358,13753,4/5/2018
349,4428649,Investment Loan,11,15574,38340,9/5/2018
350,4224942,Investment Loan,4,42788,46898,7/18/2018
351,1368898,Investment Loan,11,19373,25590,7/26/2018
352,3332279,Investment Loan,12,13631,13909,8/17/2018
353,3928866,Investment Loan,10,6221,19053,10/8/2018
354,620498,Investment Loan,6,25903,16295,10/2/2018
355,2939590,Investment Loan,9,29011,50088,1/19/2018
356,1731333,Investment Loan,5,35702,48862,5/21/2018
357,949994,Investment Loan,10,43458,27097,10/16/2018
358,3011858,Investment Loan,5,47343,37386,1/11/2018
359,1925804,Investment Loan,6,9465,20261,8/9/2018
360,2180391,Investment Loan,7,10501,44745,3/28/2018
361,4281411,Investment Loan,11,21126,34177,5/22/2018
362,1003752,Investment Loan,12,3427,33114,1/13/2018
363,2991906,Investment Loan,11,31557,5061,10/7/2018
364,1339357,Investment Loan,12,43030,19145,8/7/2018
365,4068790,Investment Loan,12,1544,26402,9/5/2018
366,3758981,Investment Loan,7,2933,2482,8/27/2018
367,3347648,Investment Loan,9,30457,38214,1/28/2018
368,2762175,Investment Loan,12,12849,50375,11/8/2018
369,1752792,Investment Loan,9,15883,38296,1/19/2018
370,4066777,Investment Loan,11,2438,12197,3/18/2018
371,3594056,Investment Loan,8,42130,30584,11/8/2018
372,3185408,Investment Loan,7,24133,27660,2/13/2018
373,3782089,Investment Loan,7,47843,33701,12/3/2018
374,2793547,Investment Loan,3,47380,43748,4/15/2018
375,2163174,Investment Loan,5,8964,13177,10/25/2018
376,2604907,Investment Loan,8,32157,38978,12/15/2018
377,2983538,Investment Loan,6,3992,39241,9/5/2018
378,3160251,Investment Loan,6,33687,12242,8/19/2018
379,3817903,Investment Loan,3,17870,1069,3/2/2018
380,1829736,Investment Loan,7,7995,13528,3/12/2018
381,759494,Investment Loan,7,18399,42232,11/18/2018
382,4834566,Investment Loan,11,21710,26071,8/28/2018
383,2887653,Investment Loan,12,7275,15257,1/4/2018
384,1594743,Investment Loan,4,14431,6763,9/26/2018
385,3083649,Investment Loan,4,12791,7688,5/1/2018
386,984000,Investment Loan,8,44869,38875,2/7/2018
387,4387952,Investment Loan,7,37133,15236,10/12/2018
388,1446898,Investment Loan,6,15359,6766,9/27/2018
389,1783722,Investment Loan,12,2408,49824,1/11/2018
390,4820857,Investment Loan,6,41632,44039,12/9/2018
391,3879973,Investment Loan,10,20578,45957,7/16/2018
392,5245965,Investment Loan,4,36958,7620,10/28/2018
393,4114130,Investment Loan,5,3108,16186,8/21/2018
394,4182524,Investment Loan,9,41552,2856,10/18/2018
395,3824321,Investment Loan,12,48225,11096,6/16/2018
396,2552408,Investment Loan,6,45257,31281,9/10/2018
397,2316885,Investment Loan,11,25368,35234,7/18/2018
398,1366986,Investment Loan,7,1099,45964,2/24/2018
399,3473837,Investment Loan,3,32349,10922,7/13/2018
400,4877498,Investment Loan,12,17236,7725,1/28/2018
401,3031767,Investment Loan,8,3899,5078,6/6/2018
402,3205666,Investment Loan,9,18151,4420,6/21/2018
403,3779578,Investment Loan,4,39872,5849,1/9/2018
404,814774,Investment Loan,5,26048,2065,9/15/2018
405,4407112,Investment Loan,4,44092,23685,3/10/2018
406,1435706,Investment Loan,3,36175,18352,12/4/2018
407,5016868,Investment Loan,11,11583,5109,8/26/2018
408,2694057,Investment Loan,9,27382,33353,8/25/2018
409,2103519,Investment Loan,8,38903,6641,2/6/2018
410,1226117,Investment Loan,11,18954,36679,11/25/2018
411,1144658,Investment Loan,5,32075,27011,4/3/2018
412,3127560,Investment Loan,8,16971,9361,2/7/2018
413,2504736,Investment Loan,6,17615,12158,9/21/2018
414,4483310,Investment Loan,5,28265,18637,7/8/2018
415,3119187,Investment Loan,8,8636,32309,5/3/2018
416,1215077,Investment Loan,11,25437,12409,12/13/2018
417,1504345,Investment Loan,3,20595,4544,3/10/2018
418,3070682,Investment Loan,8,22936,14108,8/7/2018
419,4573153,Investment Loan,6,14519,16099,4/27/2018
420,2823529,Investment Loan,8,30643,46833,2/25/2018
421,2151455,Investment Loan,7,44940,44033,8/14/2018
422,1695721,Investment Loan,4,33147,6444,5/22/2018
423,3160033,Investment Loan,12,7864,4694,11/3/2018
424,3757914,Investment Loan,5,33008,50014,5/20/2018
425,3493844,Investment Loan,5,31228,6490,6/27/2018
426,4149748,Investment Loan,10,10418,26267,5/17/2018
427,4159263,Investment Loan,12,10423,24664,12/13/2018
428,2456789,Investment Loan,4,50543,22116,10/25/2018
429,4977379,Investment Loan,12,43727,34773,12/5/2018
430,2575183,Investment Loan,12,25828,16567,11/27/2018
431,2710293,Investment Loan,5,26853,32390,9/14/2018
432,4258388,Investment Loan,11,32614,46842,12/16/2018
433,1856256,Investment Loan,11,9004,5858,2/28/2018
434,1273030,Investment Loan,9,16309,48255,8/5/2018
435,529699,Investment Loan,7,36702,13214,4/12/2018
436,5136551,Investment Loan,10,29654,10234,9/5/2018
437,3842027,Investment Loan,10,23748,42624,5/12/2018
438,3040994,Investment Loan,8,19378,33974,6/24/2018
439,792150,Investment Loan,12,20119,43394,3/19/2018
440,1811581,Investment Loan,5,38728,15615,11/11/2018
441,2028461,Investment Loan,11,12640,28800,10/14/2018
442,4535716,Investment Loan,8,4419,1761,6/5/2018
443,3408420,Investment Loan,12,10993,46436,3/26/2018
444,4031195,Investment Loan,7,47760,10901,2/7/2018
445,5492249,Investment Loan,6,45253,13398,10/12/2018
446,3562312,Investment Loan,10,27031,36677,5/22/2018
447,2212013,Investment Loan,7,4419,2009,3/27/2018
448,4506850,Investment Loan,9,6731,24909,7/3/2018
449,1760586,Investment Loan,8,12546,48871,9/21/2018
450,3257729,Investment Loan,8,22905,18010,5/17/2018
451,4819835,Investment Loan,3,33618,16935,12/14/2018
452,4669964,Investment Loan,12,2547,6999,4/16/2018
453,5373418,Investment Loan,11,30863,2445,2/8/2018
454,3038978,Investment Loan,9,13712,26827,4/9/2018
455,1564353,Investment Loan,11,9146,38759,6/27/2018
456,4198126,Investment Loan,7,43865,12791,6/16/2018
457,1835431,Investment Loan,3,23711,30751,4/5/2018
458,3738545,Investment Loan,7,17177,9380,10/27/2018
459,665757,Investment Loan,7,23365,22035,12/20/2018
460,1148085,Investment Loan,12,45049,11954,8/21/2018
461,3682942,Investment Loan,9,46589,22666,9/12/2018
462,2781428,Investment Loan,7,28958,24067,6/20/2018
463,858649,Investment Loan,7,38786,20970,2/25/2018
464,5394476,Investment Loan,10,7128,4766,3/16/2018
465,2622451,Investment Loan,10,48321,9356,2/9/2018
466,748328,Investment Loan,11,4033,8200,4/8/2018
467,4223844,Investment Loan,6,5901,12040,9/4/2018
468,1662963,Investment Loan,11,3432,4582,9/12/2018
469,3429781,Investment Loan,9,7706,20116,7/13/2018
470,2760035,Investment Loan,7,1344,16022,11/21/2018
471,3520220,Investment Loan,12,28236,16911,4/2/2018
472,1399112,Investment Loan,5,32401,6868,4/14/2018
473,2283389,Investment Loan,5,21508,29092,9/25/2018
474,1710584,Investment Loan,5,6929,20400,7/11/2018
475,4633286,Investment Loan,3,31183,13714,7/17/2018
476,1203264,Investment Loan,7,29255,13653,6/6/2018
477,520142,Investment Loan,3,36099,30448,3/2/2018
478,733105,Investment Loan,5,19702,48125,6/27/2018
479,5269651,Investment Loan,5,19806,9093,2/28/2018
480,4525517,Investment Loan,3,19689,49257,2/17/2018
481,1408758,Investment Loan,5,40212,27868,11/8/2018
482,4238933,Investment Loan,11,16232,28933,5/8/2018
483,4944732,Investment Loan,6,2957,1806,2/23/2018
484,5429561,Investment Loan,4,26879,35009,3/18/2018
485,3316394,Investment Loan,3,18497,25922,12/9/2018
486,2714787,Investment Loan,8,41326,41395,6/25/2018
487,987876,Investment Loan,9,17226,32264,9/25/2018
488,2162600,Investment Loan,4,6810,27568,6/12/2018
489,767980,Investment Loan,6,2812,17963,10/21/2018
490,4823123,Investment Loan,8,46038,33633,7/26/2018
491,3796763,Investment Loan,11,28795,16091,1/16/2018
492,4695704,Investment Loan,3,32518,13931,3/16/2018
493,2816710,Investment Loan,4,45698,49953,6/13/2018
494,3970395,Investment Loan,8,14394,9328,4/23/2018
495,1486424,Investment Loan,5,37299,2710,12/25/2018
496,4357474,Investment Loan,9,38490,7305,7/21/2018
497,1053967,Investment Loan,12,1480,19124,9/10/2018
498,2937894,Investment Loan,6,44187,6142,11/17/2018
499,1848413,Investment Loan,11,11805,41382,12/22/2018
500,3540473,Investment Loan,12,32885,21509,2/2/2018
501,4349988,Investment Loan,7,44128,38835,5/18/2018
502,5389405,Investment Loan,6,25543,2478,10/9/2018
503,973205,Investment Loan,12,6366,22572,2/10/2018
504,978665,Investment Loan,10,14769,43880,1/4/2018
505,2268783,Investment Loan,11,39555,8895,9/19/2018
506,2078944,Investment Loan,12,40885,23924,10/19/2018
507,3222808,Investment Loan,10,14150,48636,5/1/2018
508,922264,Investment Loan,4,34563,39776,3/22/2018
509,1100514,Investment Loan,3,21670,36748,7/20/2018
510,714508,Investment Loan,6,19910,1255,5/9/2018
511,4900964,Investment Loan,4,30365,30185,7/7/2018
512,5419207,Investment Loan,11,3047,32012,11/28/2018
513,634619,Investment Loan,10,2056,49936,12/6/2018
514,3486710,Investment Loan,11,41317,30878,7/22/2018
515,4284196,Investment Loan,6,49385,13034,9/17/2018
516,2784528,Investment Loan,4,41030,10781,6/5/2018
517,4033344,Investment Loan,9,44466,46466,1/17/2018
518,5473516,Investment Loan,5,30982,3427,7/4/2018
519,606700,Investment Loan,10,25621,44937,7/19/2018
520,1415336,Investment Loan,10,42306,27031,4/13/2018
521,4287746,Investment Loan,8,47236,20348,11/21/2018
522,5254970,Investment Loan,8,11481,50500,1/11/2018
523,3777977,Investment Loan,10,12346,15327,4/17/2018
524,3384797,Investment Loan,7,14216,48639,10/16/2018
525,1884253,Investment Loan,7,28541,9899,10/26/2018
526,4743137,Investment Loan,9,21959,18702,4/5/2018
527,1654643,Investment Loan,6,18377,46522,4/18/2018
528,3911000,Investment Loan,6,44619,19724,12/1/2018
529,4217973,Investment Loan,10,19922,29419,12/1/2018
530,967072,Investment Loan,10,7298,11073,5/20/2018
531,2783341,Investment Loan,11,2973,29432,8/16/2018
532,3363994,Investment Loan,7,50126,19095,11/17/2018
533,2599353,Investment Loan,4,34691,39196,6/17/2018
534,1489839,Investment Loan,3,38888,29743,5/23/2018
535,4189538,Investment Loan,4,4604,32681,10/28/2018
536,4318401,Investment Loan,4,31577,7563,3/11/2018
537,3525410,Investment Loan,7,30972,40368,4/12/2018
538,4854589,Investment Loan,12,15087,26749,12/10/2018
539,5060665,Investment Loan,5,10981,12641,1/11/2018
540,1887299,Investment Loan,12,36321,40997,8/18/2018
541,753971,Investment Loan,6,10529,1674,3/4/2018
542,1489463,Investment Loan,9,17192,20065,7/18/2018
543,5445185,Investment Loan,9,20882,35237,10/14/2018
544,2101360,Investment Loan,5,5412,33926,7/22/2018
545,1963065,Investment Loan,6,29071,18705,5/3/2018
546,3585027,Investment Loan,7,46223,21363,12/26/2018
547,4821556,Investment Loan,10,39461,29738,7/12/2018
548,2614707,Investment Loan,4,45305,35917,9/8/2018
549,1241227,Investment Loan,9,45473,50044,10/24/2018
550,5312639,Investment Loan,5,29912,4573,11/13/2018
551,1162486,Investment Loan,6,26990,30346,10/3/2018
552,4518800,Investment Loan,4,14146,23342,10/9/2018
553,585802,Investment Loan,7,48167,7012,8/20/2018
554,5251717,Investment Loan,5,33330,17148,3/23/2018
555,3434838,Investment Loan,10,44386,17295,12/19/2018
556,1796389,Investment Loan,6,8012,10479,2/20/2018
557,4985377,Investment Loan,11,1470,30438,10/14/2018
558,2282985,Investment Loan,11,2294,36765,8/4/2018
559,3320138,Investment Loan,10,9188,50134,5/8/2018
560,5295084,Investment Loan,9,36956,36581,9/6/2018
561,4797764,Investment Loan,4,36030,35631,7/4/2018
562,2355832,Investment Loan,3,7911,32417,1/13/2018
563,4008629,Investment Loan,8,11806,39278,6/15/2018
564,4312950,Investment Loan,8,46947,4892,5/8/2018
565,3130419,Investment Loan,12,31766,48719,3/20/2018
566,2924409,Investment Loan,3,47090,5738,1/15/2018
567,1321187,Investment Loan,10,45703,17798,12/6/2018
568,4789424,Investment Loan,5,39017,38717,5/25/2018
569,3804663,Investment Loan,7,16112,10023,2/20/2018
570,5252078,Investment Loan,7,1438,46556,5/6/2018
571,3613066,Investment Loan,11,3181,23251,10/22/2018
572,5024544,Investment Loan,8,19428,32182,6/18/2018
573,4429794,Investment Loan,5,25970,36683,7/28/2018
574,3480915,Investment Loan,11,9036,3293,7/8/2018
575,4231370,Investment Loan,12,33339,43529,10/3/2018
576,1826983,Investment Loan,11,17617,18759,5/17/2018
577,4093521,Investment Loan,11,21193,28928,6/27/2018
578,4302428,Investment Loan,6,7030,41158,3/24/2018
579,923756,Investment Loan,12,37171,49998,9/16/2018
580,4958079,Investment Loan,6,11511,31536,10/19/2018
581,767852,Investment Loan,8,31806,42352,7/6/2018
582,675834,Investment Loan,8,32931,33409,1/25/2018
583,3405221,Investment Loan,11,15155,27867,6/4/2018
584,3178685,Investment Loan,5,45098,10276,4/22/2018
585,3524580,Investment Loan,11,2564,27554,4/2/2018
586,689621,Investment Loan,7,16384,17481,11/24/2018
587,5439506,Investment Loan,10,44610,25787,6/23/2018
588,3242064,Investment Loan,3,36501,24105,10/8/2018
589,4444274,Investment Loan,6,34551,40372,10/25/2018
590,1159633,Investment Loan,4,27126,35245,1/26/2018
591,4288636,Investment Loan,5,26051,15194,12/11/2018
592,2012414,Investment Loan,4,17517,6950,11/7/2018
593,4687197,Investment Loan,7,28717,14690,1/9/2018
594,752716,Investment Loan,11,31977,33326,4/28/2018
595,4665429,Investment Loan,4,37648,36520,9/28/2018
596,772716,Investment Loan,12,10691,33684,12/15/2018
597,959347,Investment Loan,7,6487,46764,11/14/2018
598,5234908,Investment Loan,12,20806,19326,9/1/2018
599,3351799,Investment Loan,5,4382,37684,12/5/2018
600,5338773,Investment Loan,4,47601,21855,4/8/2018
601,656973,Investment Loan,12,43007,1444,5/8/2018
602,2342036,Investment Loan,5,24563,43487,9/5/2018
603,1771242,Investment Loan,8,10894,21170,9/14/2018
604,5164624,Investment Loan,6,46426,32290,9/6/2018
605,4542286,Investment Loan,3,10857,12365,7/22/2018
606,3049535,Investment Loan,4,7617,27034,6/25/2018
607,4643358,Investment Loan,9,2168,16933,8/9/2018
608,2672525,Investment Loan,8,31645,50431,11/8/2018
609,2900579,Investment Loan,3,25701,15982,10/14/2018
610,4150434,Investment Loan,7,27788,40326,6/25/2018
611,1243243,Investment Loan,6,34433,24742,5/9/2018
612,4162327,Investment Loan,9,27874,3253,11/26/2018
613,3804227,Investment Loan,8,15403,14414,4/15/2018
614,4006653,Investment Loan,5,32216,21261,1/22/2018
615,1054039,Investment Loan,12,8996,38141,1/18/2018
616,5132562,Investment Loan,3,36169,32505,8/15/2018
617,3174639,Investment Loan,12,43724,12950,4/19/2018
618,717897,Investment Loan,7,16371,4091,6/16/2018
619,1396047,Investment Loan,8,49307,20691,6/3/2018
620,1167677,Investment Loan,4,3313,2607,7/24/2018
621,4055857,Investment Loan,4,12854,1747,1/7/2018
622,1422394,Investment Loan,10,21401,30287,10/6/2018
623,3522410,Investment Loan,9,35079,9639,5/19/2018
624,3034543,Investment Loan,10,11325,17022,1/12/2018
625,586848,Investment Loan,8,44510,45554,3/26/2018
626,2317692,Investment Loan,4,16922,34073,1/22/2018
627,2520748,Investment Loan,10,5522,43206,6/18/2018
628,3277917,Investment Loan,5,14687,26160,11/14/2018
629,4144601,Investment Loan,12,20454,16531,12/19/2018
630,1889144,Investment Loan,6,9172,40778,3/14/2018
631,1718463,Investment Loan,11,25794,39633,5/2/2018
632,5137105,Investment Loan,7,34112,43711,8/3/2018
633,1760325,Investment Loan,7,10616,15271,2/14/2018
634,1424527,Investment Loan,7,38685,15800,11/14/2018
635,3179323,Investment Loan,8,38391,43836,2/11/2018
636,2009138,Investment Loan,4,27460,10842,5/22/2018
637,3681816,Investment Loan,11,5256,42642,10/16/2018
638,2796956,Investment Loan,4,13672,20168,12/4/2018
639,3571998,Investment Loan,7,25818,25034,3/7/2018
640,1337601,Investment Loan,12,31161,7310,2/3/2018
641,4043919,Investment Loan,8,30868,44522,1/9/2018
642,3878261,Investment Loan,12,16095,31539,10/19/2018
643,2196434,Investment Loan,5,32399,15379,3/19/2018
644,1103513,Investment Loan,5,50391,46254,12/25/2018
645,2093232,Investment Loan,9,27062,30982,11/4/2018
646,3271209,Investment Loan,7,23526,9890,1/5/2018
647,661677,Investment Loan,3,46307,25102,4/21/2018
648,3138349,Investment Loan,5,23136,45917,12/20/2018
649,1000332,Investment Loan,3,10991,30993,12/27/2018
650,4727618,Investment Loan,3,44109,44770,3/18/2018
651,2763818,Investment Loan,10,50477,31463,11/20/2018
652,4813516,Investment Loan,9,22112,45775,5/8/2018
653,1457726,Investment Loan,4,23131,50581,12/4/2018
654,1276931,Investment Loan,7,14428,24146,5/16/2018
655,3188020,Investment Loan,9,2911,33675,3/13/2018
656,5231839,Investment Loan,6,2461,6205,8/13/2018
657,1438380,Investment Loan,12,19427,14145,5/2/2018
658,3648873,Investment Loan,7,18967,17168,1/9/2018
659,2204955,Investment Loan,12,41060,13624,1/5/2018
660,5228520,Investment Loan,7,27703,41198,3/26/2018
661,1087492,Investment Loan,5,19285,18916,7/23/2018
662,529965,Investment Loan,11,36827,37488,7/4/2018
663,5320731,Investment Loan,8,27475,23951,3/8/2018
664,777155,Investment Loan,4,42711,36191,4/22/2018
665,2217791,Investment Loan,12,15820,42800,8/8/2018
666,3240638,Investment Loan,3,9070,48182,11/21/2018
667,5367706,Investment Loan,12,21289,33410,12/17/2018
668,615271,Investment Loan,10,43841,17868,5/10/2018
669,4425696,Investment Loan,9,44973,46473,4/21/2018
670,1321674,Investment Loan,10,12225,24215,12/13/2018
671,738281,Investment Loan,9,27473,46567,9/19/2018
672,5333989,Investment Loan,3,24021,3893,5/18/2018
673,2645364,Investment Loan,12,18886,33460,9/26/2018
674,1609525,Investment Loan,11,27711,47949,6/4/2018
675,1091073,Investment Loan,7,14734,38691,7/6/2018
676,4563110,Investment Loan,12,23225,36682,6/16/2018
677,4891090,Investment Loan,3,34447,39849,11/28/2018
678,2737310,Investment Loan,7,16990,4545,11/3/2018
679,669958,Investment Loan,6,32206,48672,6/6/2018
680,3317359,Investment Loan,6,38575,29664,4/5/2018
681,4269210,Investment Loan,6,21196,28993,3/18/2018
682,1289632,Investment Loan,9,23276,8175,3/2/2018
683,3749894,Investment Loan,5,3975,33400,6/3/2018
684,4327135,Investment Loan,12,3924,21867,7/17/2018
685,2569273,Investment Loan,10,46936,40249,3/13/2018
686,3920333,Investment Loan,3,31138,36037,2/20/2018
687,2738489,Investment Loan,3,16476,24920,3/23/2018
688,2772462,Investment Loan,7,43852,6963,12/6/2018
689,2631714,Investment Loan,3,24585,7422,2/25/2018
690,4358131,Investment Loan,12,34083,37045,4/19/2018
691,5483713,Investment Loan,10,36472,12767,1/28/2018
692,1673070,Investment Loan,4,46202,37312,3/21/2018
693,2252693,Investment Loan,8,12481,37280,7/22/2018
694,3349914,Investment Loan,9,42924,50847,6/17/2018
695,1818794,Investment Loan,6,11520,17757,4/27/2018
696,1630540,Investment Loan,10,22357,9406,5/1/2018
697,1144218,Investment Loan,7,2138,27792,1/9/2018
698,2473218,Investment Loan,7,29779,13689,11/26/2018
699,4790058,Investment Loan,4,31156,34853,7/16/2018
700,3587791,Investment Loan,4,10771,4905,5/7/2018
701,758341,Investment Loan,4,31016,40226,3/25/2018
702,2362216,Investment Loan,11,41115,11528,7/24/2018
703,4920096,Investment Loan,6,34796,41771,3/21/2018
704,2110934,Investment Loan,12,43808,31506,9/9/2018
705,4706034,Investment Loan,8,20522,33612,4/7/2018
706,5144193,Investment Loan,10,31133,22916,8/6/2018
707,928279,Investment Loan,10,3438,46167,4/3/2018
708,4704861,Investment Loan,7,3638,10298,1/24/2018
709,5414217,Investment Loan,10,18423,17477,6/26/2018
710,657212,Investment Loan,3,32320,16168,3/14/2018
711,5016067,Investment Loan,10,25765,8610,5/23/2018
712,5204727,Investment Loan,10,42917,37363,9/14/2018
713,4848698,Investment Loan,9,45603,30104,2/28/2018
714,3832578,Investment Loan,9,3696,49328,6/4/2018
715,3556033,Investment Loan,7,11402,46580,7/11/2018
716,5198036,Investment Loan,8,26058,8642,6/5/2018
717,2836289,Investment Loan,4,21818,21199,9/16/2018
718,3861560,Investment Loan,7,19641,36602,6/22/2018
719,4768282,Investment Loan,3,7310,48909,1/7/2018
720,3457659,Investment Loan,5,34204,21920,8/7/2018
721,4795681,Investment Loan,11,47203,45673,3/11/2018
722,3903162,Investment Loan,5,25372,17943,9/10/2018
723,786367,Investment Loan,7,1884,1241,7/2/2018
724,4832015,Investment Loan,6,45624,19460,12/17/2018
725,1276011,Investment Loan,6,25165,42181,6/28/2018
726,4598432,Investment Loan,9,4566,36487,4/16/2018
727,3417037,Investment Loan,6,41066,15931,2/23/2018
728,4820748,Investment Loan,7,37035,2795,10/20/2018
729,5221943,Investment Loan,4,47603,15541,10/17/2018
730,732987,Investment Loan,11,47887,48481,1/5/2018
731,1214857,Investment Loan,11,32791,31267,5/12/2018
732,5305481,Investment Loan,11,25431,48658,11/23/2018
733,1558568,Investment Loan,8,18074,21085,9/16/2018
734,778519,Investment Loan,9,28551,2377,8/17/2018
735,1984483,Investment Loan,11,16124,46600,4/27/2018
736,4920567,Investment Loan,3,21339,18983,10/8/2018
737,557931,Investment Loan,10,22449,46386,10/19/2018
738,902522,Investment Loan,9,44969,22408,8/11/2018
739,4624565,Investment Loan,5,23006,28960,11/8/2018
740,775391,Investment Loan,4,25150,12988,5/11/2018
741,4058871,Investment Loan,5,16526,3788,5/4/2018
742,1435746,Investment Loan,3,18715,41817,2/12/2018
743,3609731,Investment Loan,11,29305,36324,2/25/2018
744,3899686,Investment Loan,12,10067,50020,3/28/2018
745,4939084,Investment Loan,9,41414,2436,12/10/2018
746,871689,Investment Loan,7,27291,4407,3/25/2018
747,5365756,Investment Loan,6,2774,38429,9/4/2018
748,4694091,Investment Loan,3,43029,17892,6/6/2018
749,2830134,Investment Loan,4,27220,9815,2/7/2018
750,5145507,Investment Loan,3,14177,3280,9/10/2018
751,5320950,Investment Loan,5,31380,44170,12/16/2018
752,1731750,Investment Loan,9,18666,36340,1/16/2018
753,1681611,Investment Loan,10,28031,32882,11/13/2018
754,2806813,Investment Loan,5,34898,5414,1/4/2018
755,4605237,Investment Loan,7,38545,5560,7/4/2018
756,1491946,Investment Loan,4,38115,8668,6/16/2018
757,2910375,Investment Loan,5,36119,10677,12/6/2018
758,2312798,Investment Loan,5,31162,14745,1/24/2018
759,2002147,Investment Loan,10,26992,11209,5/12/2018
760,4387170,Investment Loan,12,27705,9049,12/16/2018
761,1545654,Investment Loan,4,38951,39217,6/20/2018
762,1415560,Investment Loan,5,4816,11934,9/19/2018
763,1569623,Investment Loan,8,44179,14622,4/22/2018
764,5404022,Investment Loan,5,3296,45574,1/24/2018
765,925096,Investment Loan,10,9443,22314,10/14/2018
766,5371511,Investment Loan,7,50628,24972,9/1/2018
767,2405265,Investment Loan,7,17441,3245,6/22/2018
768,3201382,Investment Loan,8,46261,34371,3/28/2018
769,4924797,Investment Loan,4,16554,43254,1/13/2018
770,4903423,Investment Loan,6,44339,15610,11/10/2018
771,3751930,Investment Loan,10,16319,22685,11/23/2018
772,3224780,Investment Loan,9,13362,3954,1/23/2018
773,3622521,Investment Loan,4,39236,39612,8/9/2018
774,2022192,Investment Loan,9,42848,46803,8/28/2018
775,4517800,Investment Loan,9,33194,28662,12/17/2018
776,1406876,Investment Loan,11,19464,20949,1/21/2018
777,2128367,Investment Loan,10,3235,46263,11/3/2018
778,2912277,Investment Loan,6,31290,35363,11/15/2018
779,2463958,Investment Loan,6,9290,49074,1/6/2018
780,2423590,Investment Loan,11,1075,26418,10/2/2018
781,685114,Investment Loan,6,19252,28193,8/1/2018
782,3800815,Investment Loan,9,7340,12951,3/21/2018
783,3485934,Investment Loan,5,49695,40095,5/2/2018
784,3824657,Investment Loan,7,25833,21647,3/10/2018
785,2728509,Investment Loan,4,34174,14489,7/9/2018
786,747324,Investment Loan,8,19255,6978,4/8/2018
787,4896642,Investment Loan,5,48342,43931,8/19/2018
788,4885216,Investment Loan,8,14681,47015,1/12/2018
789,5359081,Investment Loan,3,22288,16527,7/26/2018
790,1919989,Investment Loan,8,32520,39203,8/7/2018
791,1021325,Investment Loan,4,47171,13431,6/10/2018
792,4901807,Investment Loan,6,13406,18933,11/15/2018
793,4919926,Investment Loan,12,17669,44403,2/14/2018
794,1265866,Investment Loan,12,3318,3200,4/14/2018
795,3008885,Investment Loan,4,20183,46565,12/12/2018
796,1678838,Investment Loan,6,20875,27332,11/17/2018
797,2856615,Investment Loan,4,21923,35657,11/23/2018
798,1220775,Investment Loan,4,45299,26255,7/26/2018
799,553483,Investment Loan,8,24986,28874,5/23/2018
800,2283587,Investment Loan,5,13088,36486,5/23/2018
801,4213640,Investment Loan,6,48150,8968,11/19/2018
802,2966577,Investment Loan,6,5482,49144,5/19/2018
803,3919944,Investment Loan,9,16033,1374,1/27/2018
804,2730755,Investment Loan,8,8226,48986,2/11/2018
805,1298034,Investment Loan,7,40808,43303,10/13/2018
806,5271176,Investment Loan,7,48702,19638,12/14/2018
807,3183247,Investment Loan,12,13320,16136,8/6/2018
808,2495736,Investment Loan,10,31637,19572,12/15/2018
809,3801668,Investment Loan,10,2763,4016,4/10/2018
810,1420357,Investment Loan,8,25200,31939,6/24/2018
811,3416752,Investment Loan,9,23366,19379,6/5/2018
812,3062530,Investment Loan,10,20773,9674,3/3/2018
813,4086635,Investment Loan,9,42059,29294,9/14/2018
814,4903867,Investment Loan,9,3896,40080,3/1/2018
815,5448034,Investment Loan,12,50895,10188,3/17/2018
816,4569114,Investment Loan,9,41991,38786,9/24/2018
817,4753882,Investment Loan,5,37407,4175,11/13/2018
818,4003129,Investment Loan,8,20504,33563,5/26/2018
819,3672967,Investment Loan,6,50716,22018,7/3/2018
820,3342352,Investment Loan,5,44747,9078,8/16/2018
821,1996304,Investment Loan,10,4055,7666,5/14/2018
822,4356613,Investment Loan,12,3135,2503,2/4/2018
823,4460331,Investment Loan,3,5811,18629,5/5/2018
824,4473235,Investment Loan,4,46923,18800,10/19/2018
825,4445912,Investment Loan,10,46014,15371,2/7/2018
826,4107808,Investment Loan,12,24291,28552,2/16/2018
827,3016579,Investment Loan,3,22564,21912,7/8/2018
828,4891560,Investment Loan,8,7371,30894,2/6/2018
829,5220994,Investment Loan,4,4329,42075,8/8/2018
830,3664200,Investment Loan,4,46308,36324,1/18/2018
831,3375088,Investment Loan,11,26760,21632,2/8/2018
832,2449008,Investment Loan,8,23673,16560,7/11/2018
833,5350125,Investment Loan,10,6165,1913,4/9/2018
834,5465328,Investment Loan,12,4926,44100,6/14/2018
835,4708604,Investment Loan,4,18643,44227,1/16/2018
836,1028389,Investment Loan,5,21694,47238,3/3/2018
837,2538752,Investment Loan,7,25482,38124,11/17/2018
838,5109064,Investment Loan,12,38326,14242,12/26/2018
839,3547803,Investment Loan,4,18658,4890,10/12/2018
840,2332699,Investment Loan,11,4794,32627,8/28/2018
841,1036011,Investment Loan,7,14781,41199,10/25/2018
842,1984313,Investment Loan,9,17595,50009,3/14/2018
843,4416554,Investment Loan,6,26748,6240,5/5/2018
844,3272962,Investment Loan,6,37034,29981,1/28/2018
845,1417705,Investment Loan,11,5368,45836,5/22/2018
846,1252072,Investment Loan,6,32949,39289,9/24/2018
847,5342385,Investment Loan,10,40035,47169,11/25/2018
848,1154209,Investment Loan,6,23588,33564,12/5/2018
849,646272,Investment Loan,12,28819,47906,2/3/2018
850,4899378,Investment Loan,5,8984,47393,12/18/2018
851,1661860,Investment Loan,9,48466,16909,11/9/2018
852,3331740,Investment Loan,3,43784,32391,3/12/2018
853,2442173,Investment Loan,7,47917,5537,6/13/2018
854,863533,Investment Loan,6,48464,14003,6/12/2018
855,2528924,Investment Loan,9,31007,36451,10/14/2018
856,2072429,Investment Loan,6,4879,26298,10/11/2018
857,4593403,Investment Loan,8,11234,10633,5/16/2018
858,3634156,Investment Loan,9,50037,28004,7/11/2018
859,3732193,Investment Loan,5,41722,19399,7/25/2018
860,2931053,Investment Loan,5,46542,38515,6/23/2018
861,3307996,Investment Loan,8,44213,25966,5/7/2018
862,4377465,Investment Loan,11,19799,7530,1/23/2018
863,3521314,Investment Loan,9,49659,21197,9/19/2018
864,4861899,Investment Loan,8,9667,10801,3/3/2018
865,4197452,Investment Loan,5,31414,22791,9/21/2018
866,3786971,Investment Loan,3,39569,42893,9/19/2018
867,1439417,Investment Loan,7,48646,35852,10/14/2018
868,1159761,Investment Loan,3,16277,33621,1/27/2018
869,4376260,Investment Loan,4,10140,38923,5/11/2018
870,3702096,Investment Loan,8,23496,44823,9/21/2018
871,3365610,Investment Loan,10,9624,20397,1/23/2018
872,3500645,Investment Loan,3,30438,36273,8/22/2018
873,4267907,Investment Loan,9,48666,12676,11/7/2018
874,2027347,Investment Loan,10,17612,18933,2/11/2018
875,3334563,Investment Loan,9,26954,20681,6/11/2018
876,3008580,Investment Loan,12,41779,12940,7/5/2018
877,4907157,Investment Loan,3,18492,7277,2/21/2018
878,4104278,Investment Loan,6,13716,19924,3/9/2018
879,562108,Investment Loan,6,36652,7103,5/18/2018
880,3815239,Investment Loan,12,46017,31836,11/23/2018
881,2412367,Investment Loan,3,22601,43492,5/9/2018
882,5380103,Investment Loan,3,29717,15380,7/5/2018
883,4640120,Investment Loan,9,2841,31052,2/28/2018
884,1919265,Investment Loan,12,31041,36123,8/24/2018
885,3057808,Investment Loan,8,20882,6137,11/23/2018
886,2331278,Investment Loan,9,12923,47417,1/5/2018
887,4217217,Investment Loan,12,39432,36610,12/23/2018
888,4278558,Investment Loan,12,3467,47940,3/15/2018
889,2980288,Investment Loan,5,49760,46445,8/28/2018
890,845323,Investment Loan,8,25740,33542,6/25/2018
891,860398,Investment Loan,8,11368,8882,8/11/2018
892,1747236,Investment Loan,6,29365,23268,11/12/2018
893,5056659,Investment Loan,12,28201,46788,5/26/2018
894,4259035,Investment Loan,5,41019,19777,11/27/2018
895,1768190,Investment Loan,9,29154,39315,2/19/2018
896,4403380,Investment Loan,11,24924,31977,2/11/2018
897,748037,Investment Loan,12,29434,1396,2/16/2018
898,1278419,Investment Loan,7,49425,16355,11/15/2018
899,3719261,Investment Loan,3,22537,23897,1/26/2018
900,2176296,Investment Loan,10,23704,30103,3/7/2018
901,3059997,Investment Loan,12,23276,4997,6/1/2018
902,5299201,Investment Loan,9,47348,37205,6/9/2018
903,1518621,Investment Loan,4,3820,5711,10/3/2018
904,2471029,Investment Loan,3,39898,36286,9/16/2018
905,3315501,Investment Loan,7,17153,2703,3/12/2018
906,5260017,Investment Loan,4,20866,7253,5/22/2018
907,3193212,Investment Loan,4,28160,1327,8/21/2018
908,3756649,Investment Loan,8,12928,12054,10/11/2018
909,3132431,Investment Loan,11,28887,13232,2/23/2018
910,759396,Investment Loan,5,22085,19503,11/24/2018
911,3871459,Investment Loan,12,5369,28212,4/13/2018
912,780012,Investment Loan,9,8846,43028,11/13/2018
913,3578665,Investment Loan,4,12515,12804,4/6/2018
914,2778329,Investment Loan,9,4336,13301,4/13/2018
915,1834723,Investment Loan,11,25761,1696,9/4/2018
916,3549826,Investment Loan,10,21701,11603,8/20/2018
917,1729512,Investment Loan,7,1317,38475,12/24/2018
918,2901895,Investment Loan,10,45151,27592,11/9/2018
919,1886457,Investment Loan,8,27598,16240,3/18/2018
920,3895686,Investment Loan,10,46719,22989,12/23/2018
921,5251847,Investment Loan,7,26905,22295,2/26/2018
922,646496,Investment Loan,9,4425,19325,7/17/2018
923,1706314,Investment Loan,4,4799,42026,7/6/2018
924,3417454,Investment Loan,12,26655,13583,8/1/2018
925,3251719,Investment Loan,11,41475,46988,4/28/2018
926,571598,Investment Loan,8,6400,10505,5/9/2018
927,1405095,Investment Loan,9,5550,44880,8/20/2018
928,4409484,Investment Loan,7,11668,7449,11/11/2018
929,1284215,Investment Loan,7,38816,5231,2/7/2018
930,3546423,Investment Loan,9,45886,18774,3/8/2018
931,3535048,Investment Loan,4,39389,46651,10/22/2018
932,2999434,Investment Loan,4,30710,7228,7/15/2018
933,1051436,Investment Loan,5,24890,16696,6/21/2018
934,2141947,Investment Loan,3,27865,16477,4/20/2018
935,4784659,Investment Loan,8,6204,42530,8/4/2018
936,2881516,Investment Loan,8,50006,16587,7/22/2018
937,1886089,Investment Loan,11,8723,16689,8/21/2018
938,3101811,Investment Loan,11,35470,3642,2/7/2018
939,2476821,Investment Loan,10,40288,26080,8/13/2018
940,3650832,Investment Loan,12,34432,6843,9/16/2018
941,5360567,Investment Loan,4,13384,43221,9/13/2018
942,3907827,Investment Loan,12,32808,20108,9/25/2018
943,2422597,Investment Loan,5,42955,33186,9/12/2018
944,2733232,Investment Loan,10,25483,30787,12/27/2018
945,1013099,Investment Loan,10,16558,30450,10/26/2018
946,2130056,Investment Loan,9,1080,20067,12/28/2018
947,3580295,Investment Loan,5,45786,30295,11/16/2018
948,1281501,Investment Loan,11,10085,47277,10/17/2018
949,2105638,Investment Loan,6,24231,8391,12/20/2018
950,5474425,Investment Loan,12,2429,35376,7/22/2018
951,5050853,Investment Loan,7,27424,38175,9/18/2018
952,2924036,Investment Loan,4,16762,20964,6/19/2018
953,4151087,Investment Loan,8,35580,49064,4/28/2018
954,2995529,Investment Loan,10,18492,20921,8/23/2018
955,5245207,Investment Loan,8,22207,18621,8/2/2018
956,756715,Investment Loan,11,35438,13301,5/15/2018
957,2107290,Investment Loan,9,18051,29910,4/25/2018
958,3634289,Investment Loan,7,17495,22755,9/1/2018
959,1814331,Investment Loan,10,19134,20886,7/18/2018
960,3182003,Investment Loan,7,50141,36223,12/27/2018
961,2279043,Investment Loan,5,35865,34456,2/8/2018
962,596008,Investment Loan,5,11833,19510,10/12/2018
963,2572123,Investment Loan,6,3026,30608,4/19/2018
964,930198,Investment Loan,4,22224,9940,10/16/2018
965,954577,Investment Loan,11,30935,21061,10/13/2018
966,2212702,Investment Loan,10,4983,47309,10/28/2018
967,3731117,Investment Loan,3,46664,23029,9/15/2018
968,3168169,Investment Loan,5,9561,38550,5/9/2018
969,3856438,Investment Loan,11,30896,12104,8/24/2018
970,2875515,Investment Loan,3,44368,41717,5/26/2018
971,2378573,Investment Loan,7,43592,11070,2/22/2018
972,4422234,Investment Loan,9,33444,27531,1/2/2018
973,2825516,Investment Loan,7,40336,3676,4/1/2018
974,5468259,Investment Loan,11,13420,30954,11/4/2018
975,1192323,Investment Loan,12,38178,21576,11/1/2018
976,1471922,Investment Loan,4,2935,7385,1/14/2018
977,3552184,Investment Loan,7,41613,2286,12/9/2018
978,653492,Investment Loan,9,45838,31021,10/24/2018
979,3331138,Investment Loan,9,42163,14595,2/27/2018
980,2308882,Investment Loan,6,3633,29307,4/13/2018
981,2188009,Investment Loan,11,34888,29646,12/15/2018
982,4146692,Investment Loan,9,41412,36225,2/6/2018
983,3644773,Investment Loan,3,38383,23774,4/7/2018
984,4885816,Investment Loan,11,14861,45595,8/23/2018
985,525401,Investment Loan,8,1467,30798,10/5/2018
986,790950,Investment Loan,5,17445,25450,3/28/2018
987,4063091,Investment Loan,4,31607,35453,6/8/2018
988,4060474,Investment Loan,6,11631,26279,8/28/2018
989,656041,Investment Loan,6,32090,43202,7/25/2018
990,5287717,Investment Loan,12,2176,41437,3/20/2018
991,4183258,Investment Loan,6,29075,6740,1/13/2018
992,2501064,Investment Loan,7,31989,34221,5/11/2018
993,1298824,Investment Loan,3,42869,6927,10/9/2018
994,3356166,Investment Loan,12,18882,49860,7/10/2018
995,3985334,Investment Loan,4,3479,9898,4/18/2018
996,4284397,Investment Loan,12,42629,43631,11/17/2018
997,3801003,Investment Loan,11,41379,32957,6/16/2018
998,3657481,Investment Loan,5,8607,48967,2/11/2018
999,3290250,Investment Loan,3,35665,12743,6/10/2018
1000,1166669,Investment Loan,7,37780,44880,8/11/2018
